{
  "params": {
    "dataset": "dbpedia-openai-1M-1536-angular",
    "experiment": "milvus-m-64-ef-256",
    "engine": "milvus",
    "parallel": 100,
    "config": {
      "ef": 128
    }
  },
  "results": {
    "total_time": 1456.9378008749918,
    "mean_time": 24.421205308033525,
    "mean_precisions": 0.9988400000000002,
    "std_time": 9.7305549430179,
    "min_time": 2.0503862079931423,
    "max_time": 69.23734787502326,
    "rps": 3.4318554965058596,
    "p95_time": 40.83371798894368,
    "p99_time": 46.55885650874467
  }
}