{
  "params": {
    "dataset": "glove-100-angular",
    "experiment": "milvus-m-32-ef-512",
    "engine": "milvus",
    "parallel": 100,
    "config": {
      "ef": 256
    }
  },
  "results": {
    "total_time": 14.507474300000467,
    "mean_time": 0.011167865480000365,
    "mean_precisions": 0.908696,
    "std_time": 0.0025138611910398814,
    "min_time": 0.004904700000224693,
    "max_time": 0.06129439999949682,
    "rps": 689.2998597281456,
    "p95_time": 0.015584664999778395,
    "p99_time": 0.01899823100060531
  }
}