{
  "params": {
    "dataset": "h-and-m-2048-angular-filters",
    "experiment": "qdrant-m-64-ef-512",
    "engine": "qdrant",
    "parallel": 100,
    "config": {
      "hnsw_ef": 256
    }
  },
  "results": {
    "total_time": 37.052391199998965,
    "mean_time": 0.02060300350996331,
    "mean_precisions": 0.999976,
    "std_time": 0.008859769678189428,
    "min_time": 0.003042299998924136,
    "max_time": 0.09220230000209995,
    "rps": 269.8881145355142,
    "p95_time": 0.03721902999677695,
    "p99_time": 0.04593998700052908
  }
}