{
  "params": {
    "dataset": "glove-100-angular",
    "experiment": "qdrant-m-32-ef-128",
    "engine": "qdrant",
    "parallel": 1,
    "config": {
      "hnsw_ef": 512
    }
  },
  "results": {
    "total_time": 69.69318949999979,
    "mean_time": 0.0068467042500111345,
    "mean_precisions": 0.9844130000000001,
    "std_time": 0.0008831674840872137,
    "min_time": 0.004188400000202819,
    "max_time": 0.010574500000075204,
    "rps": 143.48604320943053,
    "p95_time": 0.008041314999627501,
    "p99_time": 0.008540209000420873
  }
}