{
  "params": {
    "dataset": "h-and-m-2048-angular-no-filters",
    "experiment": "qdrant-m-32-ef-256",
    "engine": "qdrant",
    "parallel": 100,
    "config": {
      "hnsw_ef": 256
    }
  },
  "results": {
    "total_time": 43.44089990000066,
    "mean_time": 0.03296337433996232,
    "mean_precisions": 0.99976,
    "std_time": 0.004617441963462392,
    "min_time": 0.009528500013402663,
    "max_time": 0.07024339999770746,
    "rps": 230.19780950716097,
    "p95_time": 0.03984660500427708,
    "p99_time": 0.044552172005060134
  }
}