{
  "params": {
    "dataset": "glove-25-angular",
    "experiment": "qdrant-m-32-ef-512",
    "engine": "qdrant",
    "parallel": 1,
    "config": {
      "hnsw_ef": 512
    }
  },
  "results": {
    "total_time": 96.45243769999797,
    "mean_time": 0.009486040729977685,
    "mean_precisions": 0.9999950000000001,
    "std_time": 0.0011979978787712041,
    "min_time": 0.0073517999990144745,
    "max_time": 0.024507499998435378,
    "rps": 103.67804317298463,
    "p95_time": 0.011498069999652215,
    "p99_time": 0.01397607200124185
  }
}