{
  "params": {
    "dataset": "glove-25-angular",
    "experiment": "qdrant-m-32-ef-512",
    "engine": "qdrant",
    "parallel": 100,
    "config": {
      "hnsw_ef": 64
    }
  },
  "results": {
    "total_time": 70.78221820000181,
    "mean_time": 0.05599223275005061,
    "mean_precisions": 0.9999950000000001,
    "std_time": 0.008017156624079442,
    "min_time": 0.025260100002924446,
    "max_time": 0.12967029999708757,
    "rps": 141.27842068673323,
    "p95_time": 0.07019918000223697,
    "p99_time": 0.08395422799505468
  }
}