{
  "params": {
    "dataset": "laion-small-clip",
    "experiment": "milvus-m-32-ef-128",
    "engine": "milvus",
    "parallel": 1,
    "config": {
      "ef": 128
    }
  },
  "results": {
    "total_time": 34.599802208002075,
    "mean_time": 0.006383154267750797,
    "mean_precisions": 0.9517200000000001,
    "std_time": 0.0050875262506149665,
    "min_time": 0.0014923340058885515,
    "max_time": 0.06808574999740813,
    "rps": 144.50949661335417,
    "p95_time": 0.017857370551791974,
    "p99_time": 0.020859199924016154
  }
}