{
  "params": {
    "dataset": "random-match-keyword-100-angular-no-filters",
    "experiment": "milvus-m-64-ef-256",
    "engine": "milvus",
    "parallel": 100,
    "config": {
      "ef": 512
    }
  },
  "results": {
    "total_time": 42.533255800000916,
    "mean_time": 0.033555412520001666,
    "mean_precisions": 0.97998,
    "std_time": 0.005782870740980837,
    "min_time": 0.018466999999873224,
    "max_time": 0.06688209999992978,
    "rps": 235.11014644686065,
    "p95_time": 0.044394885001383944,
    "p99_time": 0.05095026699968003
  }
}