{
  "params": {
    "dataset": "random-100-euclidean",
    "experiment": "milvus-m-64-ef-512",
    "engine": "milvus",
    "parallel": 100,
    "config": {
      "ef": 512
    }
  },
  "results": {
    "total_time": 0.08365019999996548,
    "mean_time": 0.006961470000010195,
    "mean_precisions": 1.0,
    "std_time": 0.0020585969027174856,
    "min_time": 0.002793100000189952,
    "max_time": 0.01003790000004301,
    "rps": 119.54544041740637,
    "p95_time": 0.009412310000016076,
    "p99_time": 0.009912782000037623
  }
}