{
  "params": {
    "dataset": "random-100-euclidean",
    "experiment": "milvus-m-64-ef-512",
    "engine": "milvus",
    "parallel": 100,
    "config": {
      "ef": 128
    }
  },
  "results": {
    "total_time": 0.07627269999989039,
    "mean_time": 0.0060414400000126985,
    "mean_precisions": 1.0,
    "std_time": 0.0016961129780821644,
    "min_time": 0.0031037999999625754,
    "max_time": 0.007908199999974386,
    "rps": 131.1085093357698,
    "p95_time": 0.007787825000048087,
    "p99_time": 0.007884124999989126
  }
}