{
  "params": {
    "dataset": "random-100-euclidean",
    "experiment": "milvus-m-64-ef-512",
    "engine": "milvus",
    "parallel": 100,
    "config": {
      "ef": 256
    }
  },
  "results": {
    "total_time": 0.0663716999999906,
    "mean_time": 0.004256429999986722,
    "mean_precisions": 1.0,
    "std_time": 0.0011688545547383555,
    "min_time": 0.002479499999935797,
    "max_time": 0.0069069999999555876,
    "rps": 150.66662448003316,
    "p95_time": 0.0059711349999702155,
    "p99_time": 0.0067198269999585135
  }
}