{
  "params": {
    "dataset": "h-and-m-2048-angular-no-filters",
    "experiment": "milvus-m-64-ef-512",
    "engine": "milvus",
    "parallel": 100,
    "config": {
      "ef": 512
    }
  },
  "results": {
    "total_time": 27.811077700003807,
    "mean_time": 0.014049874339972302,
    "mean_precisions": 0.9997300000000001,
    "std_time": 0.0036299850276731763,
    "min_time": 0.006269500001508277,
    "max_time": 0.07023519999347627,
    "rps": 359.5689497497837,
    "p95_time": 0.02049053499940783,
    "p99_time": 0.02414154299673101
  }
}