{
  "params": {
    "dataset": "gist-960-euclidean",
    "experiment": "qdrant-m-32-ef-128",
    "engine": "qdrant",
    "parallel": 1,
    "config": {
      "hnsw_ef": 128
    }
  },
  "results": {
    "total_time": 6.486272699999972,
    "mean_time": 0.006351817600012964,
    "mean_precisions": 0.95611,
    "std_time": 0.0008960589390964438,
    "min_time": 0.003590700000131619,
    "max_time": 0.009656300000187912,
    "rps": 154.17174797476588,
    "p95_time": 0.007659214999898722,
    "p99_time": 0.00841067899990321
  }
}