{
  "params": {
    "dataset": "random-100-euclidean",
    "experiment": "qdrant-m-32-ef-128",
    "engine": "qdrant",
    "parallel": 1,
    "config": {
      "hnsw_ef": 64
    }
  },
  "results": {
    "total_time": 0.01969150000013542,
    "mean_time": 0.001783600000021579,
    "mean_precisions": 1.0,
    "std_time": 0.0015255707122301737,
    "min_time": 0.0009756000001743814,
    "max_time": 0.006296000000020285,
    "rps": 507.8333290978965,
    "p95_time": 0.00426308000007793,
    "p99_time": 0.0058894160000318154
  }
}