{
  "params": {
    "dataset": "glove-25-angular",
    "experiment": "milvus-m-32-ef-256",
    "engine": "milvus",
    "parallel": 100,
    "config": {
      "ef": 512
    }
  },
  "results": {
    "total_time": 14.974221600001329,
    "mean_time": 0.01147243700996114,
    "mean_precisions": 0.9994209999999999,
    "std_time": 0.0031148510055288934,
    "min_time": 0.0050055999963660724,
    "max_time": 0.07262269999773707,
    "rps": 667.814345688534,
    "p95_time": 0.016310770004201912,
    "p99_time": 0.01977543299617539
  }
}