{
  "params": {
    "dataset": "h-and-m-2048-angular-filters",
    "experiment": "milvus-m-32-ef-256",
    "engine": "milvus",
    "parallel": 100,
    "config": {
      "ef": 128
    }
  },
  "results": {
    "total_time": 26.900159199998598,
    "mean_time": 0.008609294849971775,
    "mean_precisions": 0.998092,
    "std_time": 0.004271232285987444,
    "min_time": 0.0027645999944070354,
    "max_time": 0.06812299999728566,
    "rps": 371.745011828797,
    "p95_time": 0.014693389999592908,
    "p99_time": 0.025032109004241652
  }
}