{
  "params": {
    "dataset": "gist-960-euclidean",
    "experiment": "milvus-m-16-ef-128",
    "engine": "milvus",
    "parallel": 100,
    "config": {
      "ef": 128
    }
  },
  "results": {
    "total_time": 3.5050690000000486,
    "mean_time": 0.026337265799998476,
    "mean_precisions": 0.8957600000000001,
    "std_time": 0.008205705857880125,
    "min_time": 0.009274600000026112,
    "max_time": 0.09558070000002772,
    "rps": 285.30108822393686,
    "p95_time": 0.040433200000040866,
    "p99_time": 0.051533161000008924
  }
}