{
  "params": {
    "dataset": "gist-960-euclidean",
    "experiment": "milvus-m-16-ef-128",
    "engine": "milvus",
    "parallel": 100,
    "config": {
      "ef": 256
    }
  },
  "results": {
    "total_time": 5.449892399999953,
    "mean_time": 0.04210687719999828,
    "mean_precisions": 0.9491000000000002,
    "std_time": 0.01239319219833147,
    "min_time": 0.014893000000029133,
    "max_time": 0.13610959999982697,
    "rps": 183.48986119432533,
    "p95_time": 0.06497937499987073,
    "p99_time": 0.07684235099985925
  }
}