{
  "params": {
    "dataset": "gist-960-euclidean",
    "experiment": "milvus-m-16-ef-128",
    "engine": "milvus",
    "parallel": 100,
    "config": {
      "ef": 512
    }
  },
  "results": {
    "total_time": 7.9949689000000035,
    "mean_time": 0.062380195899997944,
    "mean_precisions": 0.97756,
    "std_time": 0.0181236373738829,
    "min_time": 0.02773509999997259,
    "max_time": 0.15785639999990053,
    "rps": 125.07866040604605,
    "p95_time": 0.09763184499987573,
    "p99_time": 0.12228744399996455
  }
}