{
  "params": {
    "dataset": "laion-small-clip",
    "experiment": "qdrant-m-64-ef-256",
    "engine": "qdrant",
    "parallel": 1,
    "config": {
      "hnsw_ef": 256
    }
  },
  "results": {
    "total_time": 26.529410458999337,
    "mean_time": 0.00497293580614496,
    "mean_precisions": 0.9969600000000002,
    "std_time": 0.00156519063064288,
    "min_time": 0.0017403329984517768,
    "max_time": 0.023719332995824516,
    "rps": 188.47007579483903,
    "p95_time": 0.007648535452608485,
    "p99_time": 0.009906179158424507
  }
}