{
  "params": {
    "dataset": "glove-100-angular",
    "experiment": "qdrant-m-32-ef-256",
    "engine": "qdrant",
    "parallel": 1,
    "config": {
      "hnsw_ef": 128
    }
  },
  "results": {
    "total_time": 45.10857290000058,
    "mean_time": 0.004404537590009386,
    "mean_precisions": 0.9347689999999999,
    "std_time": 0.0003718998742524762,
    "min_time": 0.003134200000204146,
    "max_time": 0.007824099999197642,
    "rps": 221.68735025531856,
    "p95_time": 0.0049868300005073245,
    "p99_time": 0.00533742199992048
  }
}