{
  "params": {
    "dataset": "h-and-m-2048-angular-no-filters",
    "experiment": "milvus-m-32-ef-512",
    "engine": "milvus",
    "parallel": 100,
    "config": {
      "ef": 512
    }
  },
  "results": {
    "total_time": 31.6357308000006,
    "mean_time": 0.016581617389988968,
    "mean_precisions": 0.99979,
    "std_time": 0.009660124790492238,
    "min_time": 0.006319899999652989,
    "max_time": 0.27401430000463733,
    "rps": 316.09827707851815,
    "p95_time": 0.030936160001874664,
    "p99_time": 0.057555707999490606
  }
}