{
  "params": {
    "dataset": "glove-100-angular",
    "experiment": "milvus-m-32-ef-128",
    "engine": "milvus",
    "parallel": 100,
    "config": {
      "ef": 256
    }
  },
  "results": {
    "total_time": 14.267616200000248,
    "mean_time": 0.010929321159997608,
    "mean_precisions": 0.8870039999999999,
    "std_time": 0.0026069771607105186,
    "min_time": 0.004816000000118947,
    "max_time": 0.06399069999997664,
    "rps": 700.8879310896957,
    "p95_time": 0.015222890000268297,
    "p99_time": 0.018569034999845826
  }
}