{
  "params": {
    "dataset": "h-and-m-2048-angular-filters",
    "experiment": "qdrant-m-32-ef-256",
    "engine": "qdrant",
    "parallel": 1,
    "config": {
      "hnsw_ef": 64
    }
  },
  "results": {
    "total_time": 72.94783270000335,
    "mean_time": 0.006377534300007392,
    "mean_precisions": 0.999884,
    "std_time": 0.0018138171204614558,
    "min_time": 0.0014914999992470257,
    "max_time": 0.015254000005370472,
    "rps": 137.0842646021414,
    "p95_time": 0.009497049998390137,
    "p99_time": 0.010941732998544467
  }
}