{
  "params": {
    "dataset": "random-match-keyword-100-angular-filters",
    "experiment": "qdrant-m-32-ef-512",
    "engine": "qdrant",
    "parallel": 100,
    "config": {
      "hnsw_ef": 64
    }
  },
  "results": {
    "total_time": 6.181229300000268,
    "mean_time": 0.004630878499998835,
    "mean_precisions": 1.0,
    "std_time": 0.0015623229313634559,
    "min_time": 0.0020554999991873046,
    "max_time": 0.05016379999869969,
    "rps": 1617.8011710388362,
    "p95_time": 0.0068627100000412606,
    "p99_time": 0.007807835000112398
  }
}