{
  "params": {
    "dataset": "gist-960-euclidean",
    "experiment": "qdrant-m-32-ef-512",
    "engine": "qdrant",
    "parallel": 100,
    "config": {
      "hnsw_ef": 128
    }
  },
  "results": {
    "total_time": 4.817638000000443,
    "mean_time": 0.03732019170003787,
    "mean_precisions": 0.98076,
    "std_time": 0.0056353184836106015,
    "min_time": 0.020846899999924062,
    "max_time": 0.06551279999985127,
    "rps": 207.5705978738768,
    "p95_time": 0.0466392000003907,
    "p99_time": 0.05243437600076504
  }
}