{
  "params": {
    "dataset": "gist-960-euclidean",
    "experiment": "qdrant-m-32-ef-512",
    "engine": "qdrant",
    "parallel": 1,
    "config": {
      "hnsw_ef": 256
    }
  },
  "results": {
    "total_time": 11.048630399999638,
    "mean_time": 0.010882024000007732,
    "mean_precisions": 0.99422,
    "std_time": 0.001837017068673074,
    "min_time": 0.004930400000375812,
    "max_time": 0.01838690000022325,
    "rps": 90.50895575256393,
    "p95_time": 0.01335611500021514,
    "p99_time": 0.01513483699954122
  }
}