{
  "params": {
    "dataset": "random-match-keyword-100-angular-no-filters",
    "experiment": "qdrant-m-64-ef-256",
    "engine": "qdrant",
    "parallel": 1,
    "config": {
      "hnsw_ef": 64
    }
  },
  "results": {
    "total_time": 38.61314169999969,
    "mean_time": 0.0037388270299812576,
    "mean_precisions": 0.8868400000000002,
    "std_time": 0.00034240212771980696,
    "min_time": 0.0032280999985232484,
    "max_time": 0.02963619999718503,
    "rps": 258.97918583506714,
    "p95_time": 0.00408111499982624,
    "p99_time": 0.00442972799857671
  }
}