{
  "params": {
    "dataset": "random-match-keyword-100-angular-no-filters",
    "experiment": "milvus-m-16-ef-128",
    "engine": "milvus",
    "parallel": 100,
    "config": {
      "ef": 256
    }
  },
  "results": {
    "total_time": 12.737363600000208,
    "mean_time": 0.009792402480000965,
    "mean_precisions": 0.60283,
    "std_time": 0.0021756593916001264,
    "min_time": 0.004839700000047742,
    "max_time": 0.028492800000094576,
    "rps": 785.0918222982845,
    "p95_time": 0.013638605000369352,
    "p99_time": 0.016489486999935268
  }
}