{
  "params": {
    "dataset": "gist-960-euclidean",
    "experiment": "qdrant-m-64-ef-512",
    "engine": "qdrant",
    "parallel": 1,
    "config": {
      "hnsw_ef": 64
    }
  },
  "results": {
    "total_time": 6.2597887000010815,
    "mean_time": 0.006107425899970622,
    "mean_precisions": 0.95602,
    "std_time": 0.0011566694694668178,
    "min_time": 0.0034486999993532663,
    "max_time": 0.02585240000007616,
    "rps": 159.7498011394262,
    "p95_time": 0.007394275000024208,
    "p99_time": 0.008490610999197085
  }
}