{
  "params": {
    "dataset": "gist-960-euclidean",
    "experiment": "qdrant-m-64-ef-512",
    "engine": "qdrant",
    "parallel": 1,
    "config": {
      "hnsw_ef": 256
    }
  },
  "results": {
    "total_time": 11.416481599999315,
    "mean_time": 0.011259003199969812,
    "mean_precisions": 0.9958499999999999,
    "std_time": 0.0022474349684917893,
    "min_time": 0.004560299999866402,
    "max_time": 0.01598750000084692,
    "rps": 87.59266077212965,
    "p95_time": 0.01446526500121763,
    "p99_time": 0.015060638999730144
  }
}