{
  "params": {
    "dataset": "random-100-euclidean",
    "experiment": "milvus-m-16-ef-128",
    "engine": "milvus",
    "parallel": 100,
    "config": {
      "ef": 256
    }
  },
  "results": {
    "total_time": 0.05619410000008429,
    "mean_time": 0.00540229000000636,
    "mean_precisions": 1.0,
    "std_time": 0.0015327871864389475,
    "min_time": 0.002713299999982155,
    "max_time": 0.00746860000003835,
    "rps": 177.9546251294175,
    "p95_time": 0.007306195000023763,
    "p99_time": 0.007436119000035433
  }
}