{
  "params": {
    "dataset": "random-100-euclidean",
    "experiment": "milvus-m-16-ef-128",
    "engine": "milvus",
    "parallel": 100,
    "config": {
      "ef": 128
    }
  },
  "results": {
    "total_time": 0.07367459999989023,
    "mean_time": 0.007726350000007187,
    "mean_precisions": 1.0,
    "std_time": 0.0025523125965577756,
    "min_time": 0.003260800000020936,
    "max_time": 0.011103900000080102,
    "rps": 135.73198904391606,
    "p95_time": 0.010710105000066505,
    "p99_time": 0.011025141000077383
  }
}