{
  "params": {
    "dataset": "h-and-m-2048-angular-filters",
    "experiment": "qdrant-m-16-ef-128",
    "engine": "qdrant",
    "parallel": 1,
    "config": {
      "hnsw_ef": 512
    }
  },
  "results": {
    "total_time": 83.55668159999914,
    "mean_time": 0.007452717829972244,
    "mean_precisions": 0.999984,
    "std_time": 0.003679679099074914,
    "min_time": 0.0016889999969862401,
    "max_time": 0.10724940000363858,
    "rps": 119.67923819511884,
    "p95_time": 0.015059575000850598,
    "p99_time": 0.018347435000541736
  }
}