{
  "params": {
    "dataset": "h-and-m-2048-angular-filters",
    "experiment": "qdrant-m-16-ef-128",
    "engine": "qdrant",
    "parallel": 1,
    "config": {
      "hnsw_ef": 64
    }
  },
  "results": {
    "total_time": 68.84268680000241,
    "mean_time": 0.0060263142699899614,
    "mean_precisions": 0.9998239999999999,
    "std_time": 0.0016457919955209653,
    "min_time": 0.001539900003990624,
    "max_time": 0.020709599994006567,
    "rps": 145.25871177938467,
    "p95_time": 0.008713914994950753,
    "p99_time": 0.009780025000291062
  }
}