{
  "params": {
    "dataset": "random-match-keyword-100-angular-filters",
    "experiment": "milvus-m-64-ef-512",
    "engine": "milvus",
    "parallel": 100,
    "config": {
      "ef": 256
    }
  },
  "results": {
    "total_time": 15.384538399999656,
    "mean_time": 0.011441014620005626,
    "mean_precisions": 0.5755560000000001,
    "std_time": 0.0042560420221919686,
    "min_time": 0.004073600000992883,
    "max_time": 0.07339779999892926,
    "rps": 650.0032526162906,
    "p95_time": 0.018640935001621974,
    "p99_time": 0.02454451999883532
  }
}