{
  "params": {
    "dataset": "gist-960-euclidean",
    "experiment": "qdrant-m-32-ef-256",
    "engine": "qdrant",
    "parallel": 100,
    "config": {
      "hnsw_ef": 256
    }
  },
  "results": {
    "total_time": 83.08314269999937,
    "mean_time": 0.6613609609000032,
    "mean_precisions": 0.9957699999999999,
    "std_time": 0.0356469099581685,
    "min_time": 0.16552059999958146,
    "max_time": 0.7484659000001557,
    "rps": 12.036135941689741,
    "p95_time": 0.7061934399997881,
    "p99_time": 0.7316301999998904
  }
}