{
  "params": {
    "dataset": "gist-960-euclidean",
    "experiment": "qdrant-m-32-ef-256",
    "engine": "qdrant",
    "parallel": 100,
    "config": {
      "hnsw_ef": 128
    }
  },
  "results": {
    "total_time": 83.38549030000013,
    "mean_time": 0.664041081000003,
    "mean_precisions": 0.98875,
    "std_time": 0.04972095872633363,
    "min_time": 0.13209499999993568,
    "max_time": 0.9109647999994195,
    "rps": 11.99249409462306,
    "p95_time": 0.7331567449997692,
    "p99_time": 0.8261113889997977
  }
}