{
  "params": {
    "dataset": "gist-960-euclidean",
    "experiment": "milvus-m-32-ef-512",
    "engine": "milvus",
    "parallel": 100,
    "config": {
      "ef": 128
    }
  },
  "results": {
    "total_time": 4.956986600000164,
    "mean_time": 0.03750297050001245,
    "mean_precisions": 0.9656200000000001,
    "std_time": 0.012535729524484935,
    "min_time": 0.011295300000710995,
    "max_time": 0.09907999999995809,
    "rps": 201.7354656556802,
    "p95_time": 0.0624306499999875,
    "p99_time": 0.07948741899885135
  }
}