{
  "params": {
    "dataset": "glove-25-angular",
    "experiment": "qdrant-m-64-ef-512",
    "engine": "qdrant",
    "parallel": 100,
    "config": {
      "hnsw_ef": 64
    }
  },
  "results": {
    "total_time": 73.88268619999872,
    "mean_time": 0.05844429540005658,
    "mean_precisions": 0.999994,
    "std_time": 0.011108903982807252,
    "min_time": 0.028843699998105876,
    "max_time": 0.153461599998991,
    "rps": 135.34970795363657,
    "p95_time": 0.07637066499846697,
    "p99_time": 0.10058766600144747
  }
}