{
  "params": {
    "dataset": "glove-25-angular",
    "experiment": "milvus-m-64-ef-512",
    "engine": "milvus",
    "parallel": 100,
    "config": {
      "ef": 128
    }
  },
  "results": {
    "total_time": 10.406153500000073,
    "mean_time": 0.007815408270025364,
    "mean_precisions": 0.9903490000000001,
    "std_time": 0.0028635165453448908,
    "min_time": 0.0035314999986439943,
    "max_time": 0.06560020000324585,
    "rps": 960.9698722971874,
    "p95_time": 0.010499235004317596,
    "p99_time": 0.013114196001988605
  }
}