{
  "params": {
    "dataset": "glove-25-angular",
    "experiment": "milvus-m-64-ef-512",
    "engine": "milvus",
    "parallel": 100,
    "config": {
      "ef": 256
    }
  },
  "results": {
    "total_time": 13.024589199994807,
    "mean_time": 0.009921474359970307,
    "mean_precisions": 0.9984639999999999,
    "std_time": 0.0029221921355076855,
    "min_time": 0.004203899996355176,
    "max_time": 0.061963800006196834,
    "rps": 767.7785338522606,
    "p95_time": 0.013882200004809414,
    "p99_time": 0.016892010999654303
  }
}