{
  "params": {
    "dataset": "glove-100-angular",
    "experiment": "qdrant-m-32-ef-512",
    "engine": "qdrant",
    "parallel": 100,
    "config": {
      "hnsw_ef": 512
    }
  },
  "results": {
    "total_time": 54.094361299999946,
    "mean_time": 0.04273536526000644,
    "mean_precisions": 0.994934,
    "std_time": 0.003652075191817824,
    "min_time": 0.028813100001571,
    "max_time": 0.08273390000067593,
    "rps": 184.86215124237006,
    "p95_time": 0.04830739500130221,
    "p99_time": 0.0504546239992851
  }
}