{
  "params": {
    "dataset": "random-match-keyword-100-angular-no-filters",
    "experiment": "qdrant-m-32-ef-128",
    "engine": "qdrant",
    "parallel": 1,
    "config": {
      "hnsw_ef": 256
    }
  },
  "results": {
    "total_time": 55.0834752999981,
    "mean_time": 0.005373457009991398,
    "mean_precisions": 0.9435600000000001,
    "std_time": 0.00031844039211914815,
    "min_time": 0.004694700000982266,
    "max_time": 0.009067800001503201,
    "rps": 181.5426485990136,
    "p95_time": 0.005855605000215291,
    "p99_time": 0.006699818000233791
  }
}