{
  "params": {
    "dataset": "random-100-euclidean",
    "experiment": "milvus-m-32-ef-512",
    "engine": "milvus",
    "parallel": 100,
    "config": {
      "ef": 512
    }
  },
  "results": {
    "total_time": 0.0700486999999157,
    "mean_time": 0.004717550000054871,
    "mean_precisions": 1.0,
    "std_time": 0.001217496934914802,
    "min_time": 0.0024742000000514963,
    "max_time": 0.006575100000191014,
    "rps": 142.7578241996216,
    "p95_time": 0.006297900000072331,
    "p99_time": 0.006519660000167278
  }
}