{
  "params": {
    "dataset": "random-100-euclidean",
    "experiment": "milvus-m-32-ef-512",
    "engine": "milvus",
    "parallel": 100,
    "config": {
      "ef": 128
    }
  },
  "results": {
    "total_time": 0.0790554999998676,
    "mean_time": 0.007597610000038913,
    "mean_precisions": 1.0,
    "std_time": 0.0031196331350244653,
    "min_time": 0.004204599999866332,
    "max_time": 0.01352380000002995,
    "rps": 126.49341285573739,
    "p95_time": 0.013037485000086235,
    "p99_time": 0.013426537000041207
  }
}