{
  "params": {
    "dataset": "random-100-euclidean",
    "experiment": "milvus-m-32-ef-512",
    "engine": "milvus",
    "parallel": 100,
    "config": {
      "ef": 256
    }
  },
  "results": {
    "total_time": 0.06669759999999769,
    "mean_time": 0.0050228499999548145,
    "mean_precisions": 1.0,
    "std_time": 0.0015949496677089678,
    "min_time": 0.0025244999999358697,
    "max_time": 0.007069499999943218,
    "rps": 149.93043227942755,
    "p95_time": 0.007049789999962286,
    "p99_time": 0.0070655579999470315
  }
}