{
  "params": {
    "dataset": "random-match-keyword-100-angular-no-filters",
    "experiment": "qdrant-m-64-ef-512",
    "engine": "qdrant",
    "parallel": 1,
    "config": {
      "hnsw_ef": 128
    }
  },
  "results": {
    "total_time": 54.16617649999898,
    "mean_time": 0.0052829756400049515,
    "mean_precisions": 0.9698300000000001,
    "std_time": 0.00030506143319541284,
    "min_time": 0.004648900001484435,
    "max_time": 0.009427700002561323,
    "rps": 184.61705525772504,
    "p95_time": 0.005684605000533338,
    "p99_time": 0.006525913000259607
  }
}