{
  "params": {
    "dataset": "random-match-keyword-100-angular-no-filters",
    "experiment": "milvus-m-64-ef-512",
    "engine": "milvus",
    "parallel": 1,
    "config": {
      "ef": 128
    }
  },
  "results": {
    "total_time": 49.71786520000023,
    "mean_time": 0.004811991269991086,
    "mean_precisions": 0.9432900000000002,
    "std_time": 0.000529914029714245,
    "min_time": 0.003928699999960372,
    "max_time": 0.012496900000769529,
    "rps": 201.1349433402453,
    "p95_time": 0.005798704999961046,
    "p99_time": 0.00667075500052306
  }
}