{
  "params": {
    "dataset": "random-100-euclidean",
    "experiment": "milvus-m-64-ef-256",
    "engine": "milvus",
    "parallel": 100,
    "config": {
      "ef": 512
    }
  },
  "results": {
    "total_time": 0.0616384999998445,
    "mean_time": 0.0041006899999956655,
    "mean_precisions": 1.0,
    "std_time": 0.0014833384667029387,
    "min_time": 0.0023657000001549022,
    "max_time": 0.0071106000000327185,
    "rps": 162.2362646726515,
    "p95_time": 0.006455309999978452,
    "p99_time": 0.006979542000021865
  }
}