{
  "params": {
    "dataset": "random-100-euclidean",
    "experiment": "milvus-m-64-ef-256",
    "engine": "milvus",
    "parallel": 1,
    "config": {
      "ef": 256
    }
  },
  "results": {
    "total_time": 0.01992059999997764,
    "mean_time": 0.0018250699999953213,
    "mean_precisions": 1.0,
    "std_time": 0.0001399910999791945,
    "min_time": 0.0016297000001941342,
    "max_time": 0.00214279999977407,
    "rps": 501.992911860648,
    "p95_time": 0.0020466349998173425,
    "p99_time": 0.0021235669997827244
  }
}