{
  "params": {
    "dataset": "random-100-euclidean",
    "experiment": "milvus-m-64-ef-256",
    "engine": "milvus",
    "parallel": 100,
    "config": {
      "ef": 256
    }
  },
  "results": {
    "total_time": 0.06374290000007932,
    "mean_time": 0.00601690000007693,
    "mean_precisions": 1.0,
    "std_time": 0.0019031388041642731,
    "min_time": 0.0023657000001549022,
    "max_time": 0.008039900000085254,
    "rps": 156.88021724752963,
    "p95_time": 0.007675625000058516,
    "p99_time": 0.007967045000079907
  }
}