{
  "params": {
    "dataset": "gist-960-euclidean",
    "experiment": "qdrant-m-64-ef-256",
    "engine": "qdrant",
    "parallel": 100,
    "config": {
      "hnsw_ef": 512
    }
  },
  "results": {
    "total_time": 79.69421689999945,
    "mean_time": 0.6344840806999955,
    "mean_precisions": 0.99909,
    "std_time": 0.03841947301748106,
    "min_time": 0.13874240000041027,
    "max_time": 0.7672151000006124,
    "rps": 12.547961933734829,
    "p95_time": 0.6901859300002343,
    "p99_time": 0.7329889280000225
  }
}