{
  "params": {
    "dataset": "random-match-keyword-100-angular-filters",
    "experiment": "qdrant-m-64-ef-256",
    "engine": "qdrant",
    "parallel": 100,
    "config": {
      "hnsw_ef": 512
    }
  },
  "results": {
    "total_time": 8.317707599999267,
    "mean_time": 0.006211595999991914,
    "mean_precisions": 1.0,
    "std_time": 0.001980982281408666,
    "min_time": 0.002378199998929631,
    "max_time": 0.031522199999017175,
    "rps": 1202.2543326722475,
    "p95_time": 0.009342870000000402,
    "p99_time": 0.010640070000408742
  }
}