{
  "params": {
    "dataset": "glove-25-angular",
    "experiment": "qdrant-m-32-ef-128",
    "engine": "qdrant",
    "parallel": 100,
    "config": {
      "hnsw_ef": 512
    }
  },
  "results": {
    "total_time": 76.52338649999729,
    "mean_time": 0.06058658875000692,
    "mean_precisions": 0.9999969999999999,
    "std_time": 0.010189290603423724,
    "min_time": 0.029731899994658306,
    "max_time": 0.15180120000150055,
    "rps": 130.67900490787028,
    "p95_time": 0.07672525999878417,
    "p99_time": 0.10067135999801399
  }
}