{
  "params": {
    "dataset": "gist-960-euclidean",
    "experiment": "milvus-m-32-ef-128",
    "engine": "milvus",
    "parallel": 100,
    "config": {
      "ef": 128
    }
  },
  "results": {
    "total_time": 4.628667300000416,
    "mean_time": 0.03518895859999793,
    "mean_precisions": 0.9358,
    "std_time": 0.010979704005992534,
    "min_time": 0.011456799999905343,
    "max_time": 0.11202369999955408,
    "rps": 216.04490778585668,
    "p95_time": 0.055407670000113284,
    "p99_time": 0.07322998199991161
  }
}