{
  "params": {
    "dataset": "gist-960-euclidean",
    "experiment": "milvus-m-32-ef-128",
    "engine": "milvus",
    "parallel": 100,
    "config": {
      "ef": 256
    }
  },
  "results": {
    "total_time": 6.901619700000083,
    "mean_time": 0.05355434640000749,
    "mean_precisions": 0.9737899999999999,
    "std_time": 0.015540692989480942,
    "min_time": 0.016660100000081002,
    "max_time": 0.11431029999948805,
    "rps": 144.8935240520407,
    "p95_time": 0.08247638500047287,
    "p99_time": 0.09730181400029322
  }
}