{
  "params": {
    "dataset": "random-match-keyword-100-angular-no-filters",
    "experiment": "milvus-m-32-ef-256",
    "engine": "milvus",
    "parallel": 100,
    "config": {
      "ef": 512
    }
  },
  "results": {
    "total_time": 53.57743990000017,
    "mean_time": 0.04239760207000236,
    "mean_precisions": 0.9617300000000001,
    "std_time": 0.012271914767355932,
    "min_time": 0.018698900001254515,
    "max_time": 0.14018200000100478,
    "rps": 186.64572287635505,
    "p95_time": 0.06572890500119684,
    "p99_time": 0.08043197299866735
  }
}