{
  "params": {
    "dataset": "random-match-keyword-100-angular-filters",
    "experiment": "qdrant-m-64-ef-512",
    "engine": "qdrant",
    "parallel": 100,
    "config": {
      "hnsw_ef": 64
    }
  },
  "results": {
    "total_time": 6.291987100001279,
    "mean_time": 0.004709748360019148,
    "mean_precisions": 1.0,
    "std_time": 0.0016180407042324157,
    "min_time": 0.001987599996937206,
    "max_time": 0.04652429999987362,
    "rps": 1589.3230296034726,
    "p95_time": 0.006847200002084719,
    "p99_time": 0.00776862899965636
  }
}