{
  "params": {
    "dataset": "random-match-keyword-100-angular-filters",
    "experiment": "qdrant-m-64-ef-512",
    "engine": "qdrant",
    "parallel": 1,
    "config": {
      "hnsw_ef": 512
    }
  },
  "results": {
    "total_time": 21.027880900001037,
    "mean_time": 0.0019998117000013735,
    "mean_precisions": 1.0,
    "std_time": 0.00043720043696835685,
    "min_time": 0.0011660999989544507,
    "max_time": 0.006496699999843258,
    "rps": 475.55909449722566,
    "p95_time": 0.0025891050003338024,
    "p99_time": 0.002854443001488108
  }
}