{
  "params": {
    "dataset": "gist-960-euclidean",
    "experiment": "milvus-m-64-ef-256",
    "engine": "milvus",
    "parallel": 100,
    "config": {
      "ef": 128
    }
  },
  "results": {
    "total_time": 6.1052270999998655,
    "mean_time": 0.046979907300004925,
    "mean_precisions": 0.96714,
    "std_time": 0.01700357170059633,
    "min_time": 0.012394200000017008,
    "max_time": 0.15073930000016844,
    "rps": 163.79407082170982,
    "p95_time": 0.076733860000013,
    "p99_time": 0.10228134800021961
  }
}