{
  "params": {
    "dataset": "gist-960-euclidean",
    "experiment": "milvus-m-64-ef-256",
    "engine": "milvus",
    "parallel": 100,
    "config": {
      "ef": 512
    }
  },
  "results": {
    "total_time": 13.619136799999978,
    "mean_time": 0.10728807789999564,
    "mean_precisions": 0.9966400000000001,
    "std_time": 0.03135486148601528,
    "min_time": 0.03853189999972528,
    "max_time": 0.2795075999997607,
    "rps": 73.42609261403422,
    "p95_time": 0.16396183999975164,
    "p99_time": 0.19326030500011254
  }
}