{
  "params": {
    "dataset": "gist-960-euclidean",
    "experiment": "milvus-m-64-ef-512",
    "engine": "milvus",
    "parallel": 1,
    "config": {
      "ef": 512
    }
  },
  "results": {
    "total_time": 35.56088329999966,
    "mean_time": 0.0350990532000269,
    "mean_precisions": 0.9983900000000001,
    "std_time": 0.008021877262929324,
    "min_time": 0.011781899999732559,
    "max_time": 0.055762899999535875,
    "rps": 28.120786302291023,
    "p95_time": 0.04661192999974446,
    "p99_time": 0.0529377740003838
  }
}