{
  "params": {
    "dataset": "gist-960-euclidean",
    "experiment": "milvus-m-64-ef-512",
    "engine": "milvus",
    "parallel": 100,
    "config": {
      "ef": 256
    }
  },
  "results": {
    "total_time": 9.507220600000437,
    "mean_time": 0.07445348529999592,
    "mean_precisions": 0.9944100000000001,
    "std_time": 0.02274426428244776,
    "min_time": 0.026353700000072422,
    "max_time": 0.17711710000003222,
    "rps": 105.18321201045383,
    "p95_time": 0.11675807999968128,
    "p99_time": 0.1477066340000965
  }
}