{
  "params": {
    "dataset": "random-100-euclidean",
    "experiment": "milvus-m-32-ef-256",
    "engine": "milvus",
    "parallel": 100,
    "config": {
      "ef": 128
    }
  },
  "results": {
    "total_time": 0.07245479999983218,
    "mean_time": 0.00579649000005702,
    "mean_precisions": 1.0,
    "std_time": 0.0016198741898409044,
    "min_time": 0.0032833000000209722,
    "max_time": 0.008559900000136622,
    "rps": 138.0170809942635,
    "p95_time": 0.008361540000043988,
    "p99_time": 0.008520228000118096
  }
}