{
  "params": {
    "dataset": "random-100-euclidean",
    "experiment": "milvus-m-32-ef-256",
    "engine": "milvus",
    "parallel": 1,
    "config": {
      "ef": 128
    }
  },
  "results": {
    "total_time": 0.022332600000027014,
    "mean_time": 0.0020500800000263554,
    "mean_precisions": 1.0,
    "std_time": 0.0003547265138235136,
    "min_time": 0.0016298000000460888,
    "max_time": 0.0029942000001028646,
    "rps": 447.7758971184682,
    "p95_time": 0.002638475000003381,
    "p99_time": 0.0029230550000829683
  }
}