{
  "params": {
    "dataset": "random-100-euclidean",
    "experiment": "milvus-m-32-ef-256",
    "engine": "milvus",
    "parallel": 100,
    "config": {
      "ef": 512
    }
  },
  "results": {
    "total_time": 0.08291979999989962,
    "mean_time": 0.006510250000019369,
    "mean_precisions": 1.0,
    "std_time": 0.0021787875284852904,
    "min_time": 0.0027767000001404085,
    "max_time": 0.009597499999927095,
    "rps": 120.5984577870678,
    "p95_time": 0.00912814999993543,
    "p99_time": 0.009503629999928763
  }
}