{
  "params": {
    "dataset": "random-100-euclidean",
    "experiment": "milvus-m-32-ef-256",
    "engine": "milvus",
    "parallel": 100,
    "config": {
      "ef": 256
    }
  },
  "results": {
    "total_time": 0.058338099999900805,
    "mean_time": 0.0049046999999745825,
    "mean_precisions": 1.0,
    "std_time": 0.001267318733358052,
    "min_time": 0.002957700000024488,
    "max_time": 0.006418199999870922,
    "rps": 171.41456441017112,
    "p95_time": 0.006355334999932438,
    "p99_time": 0.006405626999883225
  }
}