{
  "params": {
    "dataset": "gist-960-euclidean",
    "experiment": "milvus-m-32-ef-256",
    "engine": "milvus",
    "parallel": 100,
    "config": {
      "ef": 256
    }
  },
  "results": {
    "total_time": 7.28937919999953,
    "mean_time": 0.05669043019999117,
    "mean_precisions": 0.9834200000000001,
    "std_time": 0.02047958276228262,
    "min_time": 0.01722769999923912,
    "max_time": 0.16030190000037692,
    "rps": 137.18589369037963,
    "p95_time": 0.09626929500054754,
    "p99_time": 0.12114419200033806
  }
}