{
  "params": {
    "dataset": "gist-960-euclidean",
    "experiment": "milvus-m-32-ef-256",
    "engine": "milvus",
    "parallel": 100,
    "config": {
      "ef": 128
    }
  },
  "results": {
    "total_time": 4.431648699999641,
    "mean_time": 0.033804261999976916,
    "mean_precisions": 0.9526700000000001,
    "std_time": 0.009493895915721789,
    "min_time": 0.011267900000348163,
    "max_time": 0.07422309999947174,
    "rps": 225.64965494672015,
    "p95_time": 0.05115388999956848,
    "p99_time": 0.05939982099963345
  }
}