{
  "params": {
    "dataset": "gist-960-euclidean",
    "experiment": "qdrant-m-16-ef-128",
    "engine": "qdrant",
    "parallel": 1,
    "config": {
      "hnsw_ef": 256
    }
  },
  "results": {
    "total_time": 7.436909799999739,
    "mean_time": 0.0072979482999976425,
    "mean_precisions": 0.9679000000000001,
    "std_time": 0.0009659905283783279,
    "min_time": 0.004106200000023819,
    "max_time": 0.012934400000176538,
    "rps": 134.46445188834144,
    "p95_time": 0.008543105000057949,
    "p99_time": 0.009646800999839797
  }
}