{
  "params": {
    "dataset": "glove-25-angular",
    "experiment": "qdrant-m-64-ef-256",
    "engine": "qdrant",
    "parallel": 1,
    "config": {
      "hnsw_ef": 256
    }
  },
  "results": {
    "total_time": 88.32064100000571,
    "mean_time": 0.00869124607997437,
    "mean_precisions": 0.9999950000000001,
    "std_time": 0.0010619532843469698,
    "min_time": 0.006961500002944376,
    "max_time": 0.023467899998649955,
    "rps": 113.22381593674523,
    "p95_time": 0.010265515001083258,
    "p99_time": 0.012835172001359755
  }
}