{
  "params": {
    "dataset": "glove-25-angular",
    "experiment": "qdrant-m-64-ef-256",
    "engine": "qdrant",
    "parallel": 100,
    "config": {
      "hnsw_ef": 512
    }
  },
  "results": {
    "total_time": 75.27182719999837,
    "mean_time": 0.05958566747999575,
    "mean_precisions": 0.9999950000000001,
    "std_time": 0.011108278229295063,
    "min_time": 0.015933999995468184,
    "max_time": 0.16025860000081593,
    "rps": 132.85183012005078,
    "p95_time": 0.07775469999724004,
    "p99_time": 0.10169212099703147
  }
}