{
  "params": {
    "dataset": "random-100-euclidean",
    "experiment": "milvus-m-32-ef-128",
    "engine": "milvus",
    "parallel": 100,
    "config": {
      "ef": 256
    }
  },
  "results": {
    "total_time": 0.08040649999998095,
    "mean_time": 0.007095639999988634,
    "mean_precisions": 1.0,
    "std_time": 0.0021568068806460837,
    "min_time": 0.0029199000000517117,
    "max_time": 0.010856600000124672,
    "rps": 124.36805482146802,
    "p95_time": 0.009989225000038002,
    "p99_time": 0.01068312500010734
  }
}