{
  "params": {
    "dataset": "random-100-euclidean",
    "experiment": "milvus-m-32-ef-128",
    "engine": "milvus",
    "parallel": 100,
    "config": {
      "ef": 128
    }
  },
  "results": {
    "total_time": 0.08161029999996572,
    "mean_time": 0.006858879999981582,
    "mean_precisions": 1.0,
    "std_time": 0.0018647761220862056,
    "min_time": 0.003563299999996161,
    "max_time": 0.009236299999884068,
    "rps": 122.53355275013327,
    "p95_time": 0.00903294499992171,
    "p99_time": 0.009195628999891596
  }
}