{
  "params": {
    "dataset": "random-100-euclidean",
    "experiment": "milvus-m-32-ef-128",
    "engine": "milvus",
    "parallel": 1,
    "config": {
      "ef": 256
    }
  },
  "results": {
    "total_time": 0.018648799999937182,
    "mean_time": 0.0016631500000357847,
    "mean_precisions": 1.0,
    "std_time": 0.00029246832051599216,
    "min_time": 0.0013685999999779597,
    "max_time": 0.002493700000059107,
    "rps": 536.2275320682127,
    "p95_time": 0.002158585000040602,
    "p99_time": 0.002426677000055406
  }
}